SP;KM ;LATITUDE;LONGITUDE
SP 073;35,700;-23.152178;-47.25679
SP 073;36,000;-23.154327;-47.258543
SP 073;36,500;-23.156347;-47.261614
SP 073;37,000;-23.160226;-47.264834
SP 073;37,500;-23.167878;-47.268992
SP 073;38,000;-23.168839;-47.268961
SP 073;38,500;-23.170805;-47.26948
SP 073;39,000;-23.171709;-47.268804
SP 073;39,500;-23.178815;-47.265868
SP 073;41,000;-23.188759;-47.279236
SP 073;41,200;-23.1889;-47.27998
SP 079;39,000;-23.21528;-47.29768
SP 079;40,000;-23.22125;-47.30068
SP 079;41,000;-23.22538;-47.30191
SP 079;42,000;-23.23215;-47.30402
SP 079;43,000;-23.23986;-47.30482
SP 079;44,000;-23.24669;-47.30425
SP 079;45,000;-23.25426;-47.30117
SP 079;49,000;-23.28782;-47.29342
SP 079;50,000;-23.29468;-47.30139
SP 079;51,000;-23.30191;-47.30361
SP 079;52,000;-23.31048;-47.30406
SP 079;53,000;-23.31889;-47.30086
SP 079;54,000;-23.32807;-47.30279
SP 079;55,000;-23.33695;-47.306
SP 079;56,000;-23.34538;-47.30736
SP 079;57,000;-23.35459;-47.30895
SP 079;58,000;-23.3625;-47.30839
SP 079;59,000;-23.37007;-47.31434
SP 079;60,000;-23.37256;-47.32365
SP 079;61,000;-23.37832;-47.33087
SP 079;62,000;-23.38435;-47.33747
SP 079;63,000;-23.3906;-47.3475
SP 079;64,000;-23.39675;-47.35448
SP 079;65,000;-23.39723;-47.36309
SP 079;66,000;-23.39805;-47.37163
SP 079;67,000;-23.40231;-47.38044
SP 079;68,000;-23.4079;-47.38406
SP 079;69,000;-23.41416;-47.39035
SP 079;70,000;-23.41535;-47.40167
SP 079;71,000;-23.41852;-47.4092
SP 079;72,000;-23.42727;-47.41494
SP 079;73,000;-23.43491;-47.41591
SP 079;74,000;-23.44334;-47.41705
SP 079;75,000;-23.4517;-47.41817
SP 079;76,000;-23.46186;-47.42268
SP 079;77,000;-23.46754;-47.42446
SP 097;0,000;-23.44926;-47.51353
SP 097;0,000;-23.4493;-47.51367
SP 097;1,000;-23.44231;-47.51488
SP 097;1,000;-23.44245;-47.51491
SP 097;2,000;-23.43614;-47.51113
SP 097;3,000;-23.42647;-47.51761
SP 097;4,000;-23.41756;-47.5204
SP 097;4,000;-23.41759;-47.52075
SP 097;5,000;-23.40674;-47.52125
SP 097;6,000;-23.4006;-47.5167
SP 097;7,000;-23.39244;-47.51646
SP 097;8,000;-23.38244;-47.51754
SP 097;9,000;-23.37491;-47.52639
SP 097;10,000;-23.36802;-47.5328
SP 097;11,000;-23.36001;-47.53383
SP 097;12,000;-23.3535;-47.53109
SP 097;13,000;-23.3535;-47.53109
SP 097;14,000;-23.34291;-47.52918
SP 097;15,000;-23.3281;-47.52864
SP 097;16,000;-23.31795;-47.53161
SP 097;17,000;-23.30916;-47.53325
SP 097;18,000;-23.30005;-47.53334
SP 097;19,000;-23.2909;-47.52953
SP 097;20,000;-23.28283;-47.52623
SP 097;21,000;-23.27365;-47.52243
SP 097;22,000;-23.26476;-47.52115
SP 097;23,000;-23.25617;-47.52063
SP 097;23,000;-23.25589;-47.52063
SP 097;24,000;-23.24687;-47.51745
SP 097;24,000;-23.24883;-47.51818
SP 097;25,000;-23.23803;-47.51791
SP 097;25,000;-23.23761;-47.51817
SP 127;213,500;-23.99033;-48.32909
SP 127;213,500;-23.98954;-48.32813
SP 127;214,000;-23.99363;-48.33213
SP 127;214,000;-23.99325;-48.3316
SP 127;215,000;-23.99986;-48.33695
SP 127;215,000;-24.00041;-48.33722
SP 127;216,000;-24.00778;-48.34117
SP 127;216,000;-24.00785;-48.34113
SP 129;0,000;-23.22621;-47.5705
SP 129;1,000;-23.22415;-47.57604
SP 129;2,000;-23.22773;-47.58031
SP 129;3,000;-23.23115;-47.58321
SP 129;4,000;-23.23601;-47.59175
SP 129;5,000;-23.24534;-47.60862
SP 129;6,000;-23.25129;-47.61644
SP 129;7,000;-23.25162;-47.61665
SP 129;8,000;-23.26023;-47.6323
SP 129;9,000;-23.26215;-47.643
SP 129;10,000;-23.26218;-47.64295
SP 129;11,000;-23.26886;-47.6632
SP 129;12,000;-23.26658;-47.67115
SP 129;12,000;-23.26658;-47.66963
SP 129;13,000;-23.27064;-47.68038
SP 129;14,000;-23.27388;-47.68863
SP 129;15,000;-23.27754;-47.69753
SP 129;16,000;-23.28396;-47.71092
SP 129;17,000;-23.28231;-47.71703
SP 129;18,000;-23.28329;-47.72627
SP 129;19,000;-23.28593;-47.73462
SP 129;20,000;-23.28415;-47.79012
SP 129;21,000;-23.29261;-47.75256
SP 129;22,000;-23.29643;-47.76296
SP 129;22,000;-23.29677;-47.76303
SP 129;23,000;-23.29961;-47.77126
SP 129;24,000;-23.29538;-47.75466
SP 129;25,000;-23.30609;-47.78854
SP 129;26,000;-23.30615;-47.78867
SP 129;27,000;-23.31327;-47.80577
SP 129;28,000;-23.31334;-47.80583
SP 129;29,000;-23.32057;-47.82297
SP 129;37,700;-23.35972;-47.89037
SP 129;38,000;-23.35873;-47.89333
SP 129;39,000;-23.35925;-47.89703
SP 129;40,000;-23.35906;-47.90274
SP 129;41,000;-23.35925;-47.91201
SP 129;42,000;-23.36058;-47.93117
SP 129;43,000;-23.36034;-47.93134
SP 129;44,000;-23.36496;-47.93866
SP 129;45,000;-23.37743;-47.95102
SP 129;46,000;-23.38254;-47.95915
SP 129;47,000;-23.38327;-47.94826
SP 129;48,000;-23.38706;-47.96792
SP 129;49,000;-23.38393;-47.98385
SP 129;50,000;-23.383;-47.98627
SP 129;51,000;-23.38379;-48.00527
SP 129;52,000;-23.38373;-48.00551
SP 129;53,000;-23.38614;-48.01326
SP 129;54,000;-23.38878;-48.03006
SP 129;55,000;-23.39507;-48.03056
SP 129;56,000;-23.40342;-48.03326
SP 129;57,000;-23.40781;-48.04128
SP 129;58,000;-23.41504;-48.04383
SP 129;59,000;-23.41505;-48.04381
SP 129;60,000;-23.42942;-48.0483
SP 129;61,000;-23.4402;-48.04656
SP 129;62,000;-23.44906;-48.04799
SP 129;63,000;-23.45763;-48.05041
SP 129;64,000;-23.46637;-48.05261
SP 129;65,000;-23.46636;-48.05259
SP 129;66,000;-23.47532;-48.05291
SP 129;67,000;-23.49218;-48.04834
SP 129;68,000;-23.50322;-48.05173
SP 129;69,000;-23.51387;-48.05244
SP 129;70,000;-23.52047;-48.05188
SP 129;71,000;-23.52919;-48.05282
SP 129;72,000;-23.53886;-48.05643
SP 129;73,000;-23.54687;-48.05394
SP 129;74,000;-23.54719;-48.05386
SP 139;67,770;-24.12433;-47.99039
SP 139;67,770;-24.12458;-47.99056
SP 139;68,000;-24.12197;-47.98877
SP 139;69,000;-24.10675;-47.98667
SP 139;70,000;-24.10608;-47.98561
SP 139;71,000;-24.10277;-47.9881
SP 139;72,000;-24.09769;-47.98815
SP 139;73,000;-24.09292;-47.9902
SP 139;74,000;-24.08757;-47.99435
SP 139;75,000;-24.07968;-47.99553
SP 139;76,000;-24.07161;-47.99918
SP 139;77,000;-24.06285;-47.99918
SP 139;78,000;-24.05696;-47.9947
SP 139;79,000;-24.04996;-48.00002
SP 139;80,000;-24.04185;-48.00442
SP 139;81,000;-24.03723;-48.01099
SP 139;82,000;-24.02949;-48.01588
SP 139;83,000;-24.02108;-48.01682
SP 139;84,000;-24.00856;-48.01687
SP 139;85,000;-24.00393;-48.01572
SP 139;86,000;-23.99283;-48.01592
SP 139;87,000;-23.98538;-48.0149
SP 139;88,000;-23.97713;-48.01532
SP 139;89,000;-23.97008;-48.01985
SP 139;90,000;-23.9661;-48.02213
SP 139;91,000;-23.95757;-48.02336
SP 139;92,000;-23.94841;-48.02481
SP 139;93,000;-23.93941;-48.02528
SP 139;94,000;-23.931;-48.02555
SP 139;95,000;-23.92284;-48.02373
SP 139;96,000;-23.91631;-48.01854
SP 139;97,000;-23.90885;-48.01394
SP 139;98,000;-23.90199;-48.0102
SP 139;99,000;-23.89238;-48.01084
SP 139;100,000;-23.88411;-48.01065
SP 139;104,000;-23.86048;-48.01936
SP 139;107,000;-23.84597;-48.03813
SP 139;109,000;-23.83906;-48.04951
SP 139;111,000;-23.83906;-48.04951
SP 139;113,000;-23.83906;-48.04951
SP 139;115,000;-23.79581;-48.09378
SP 139;117,000;-23.78315;-48.10532
SP 139;119,000;-23.79161;-48.12083
SP 139;121,000;-23.7701;-48.12873
SP 141;0,400;-23.53249;-47.72479
SP 141;1,000;-23.52837;-47.72889
SP 141;2,000;-23.52181;-47.73557
SP 141;3,000;-23.51371;-47.73956
SP 141;4,000;-23.50352;-47.74364
SP 141;5,000;-23.4963;-47.74226
SP 141;6,000;-23.48713;-47.74109
SP 141;6,000;-23.48707;-47.74136
SP 141;7,000;-23.47828;-47.74138
SP 141;7,000;-23.47811;-47.74158
SP 141;8,000;-23.46928;-47.74113
SP 141;8,000;-23.46919;-47.7415
SP 141;9,000;-23.46255;-47.73533
SP 141;10,000;-23.45377;-47.73511
SP 141;11,000;-23.44481;-47.73598
SP 141;12,000;-23.44855;-47.73463
SP 141;13,000;-23.38997;-47.77902
SP 141;14,000;-23.38997;-47.77902
SP 141;15,000;-23.41198;-47.74596
SP 141;16,000;-23.41198;-47.74595
SP 141;17,000;-23.41198;-47.74595
SP 141;18,000;-23.39622;-47.76554
SP 141;19,000;-23.39041;-47.77335
SP 141;20,000;-23.38652;-47.78168
SP 141;21,000;-23.38155;-47.78985
SP 141;22,000;-23.37379;-47.79614
SP 141;22,000;-23.37468;-47.79594
SP 141;23,000;-23.36828;-47.80298
SP 141;23,000;-23.36846;-47.803
SP 141;24,000;-23.36798;-47.80294
SP 141;24,000;-23.35961;-47.8035
SP 141;25,000;-23.35543;-47.81131
SP 141;26,000;-23.35339;-47.82068
SP 141;27,000;-23.35143;-47.83035
SP 141;27,600;-23.35072;-47.83616
SP 141;27,600;-23.35071;-47.83616
SP 141;31,000;-23.33605;-47.85952
SP 141;32,000;-23.33105;-47.8652
SP 141;33,000;-23.3245;-47.87232
SP 141;34,000;-23.31743;-47.87826
SP 141;35,000;-23.30958;-47.88323
SP 141;36,000;-23.30304;-47.88949
SP 141;37,000;-23.29662;-47.89614
SP 141;38,000;-23.28865;-47.89998
SP 141;39,000;-23.28261;-47.90738
SP 141;40,000;-23.27742;-47.91398
SP 141;41,000;-23.26949;-47.916
SP 141;42,000;-23.26591;-47.92433
SP 141;43,000;-23.26086;-47.93237
SP 141;44,000;-23.25468;-47.93786
SP 141;45,000;-23.24532;-47.93827
SP 141;46,000;-23.23852;-47.94454
SP 141;46,700;-23.23296;-47.94807
SP 141;49,000;-23.21963;-47.96383
SP 141;49,000;-23.21965;-47.96382
SP 141;50,000;-23.21915;-47.97345
SP 141;50,000;-23.21918;-47.97343
SP 141;51,000;-23.21788;-47.9814
SP 141;52,000;-23.22025;-47.9896
SP 141;53,000;-23.22323;-47.99819
SP 141;54,000;-23.22325;-48.00781
SP 141;55,000;-23.22591;-48.01625
SP 141;56,000;-23.22708;-48.02574
SP 141;57,000;-23.22502;-48.03395
SP 141;58,000;-23.22235;-48.04177
SP 141;59,000;-23.21969;-48.05015
SP 141;60,000;-23.21654;-48.05897
SP 141;61,000;-23.21318;-48.0671
SP 141;62,000;-23.21185;-48.07616
SP 141;63,000;-23.21059;-48.08284
SP 141;64,000;-23.20413;-48.08998
SP 141;65,000;-23.1998;-48.09802
SP 141;66,000;-23.19502;-48.10684
SP 141;67,000;-23.19031;-48.11524
SP 141;68,000;-23.18582;-48.12331
SP 141;69,000;-23.1813;-48.13254
SP 141;70,000;-23.17707;-48.14089
SP 141;71,000;-23.17292;-48.14927
SP 141;72,000;-23.16766;-48.15705
SP 141;73,000;-23.15987;-48.16202
SP 141;74,000;-23.15213;-48.16681
SP 141;75,000;-23.14387;-48.1705
SP 141;76,000;-23.13492;-48.16911
SP 141;77,000;-23.12678;-48.17132
SP 141;78,000;-23.12169;-48.17989
SP 141;79,000;-23.117;-48.18769
SP 141;80,000;-23.11355;-48.19673
SP 141;81,000;-23.11009;-48.20553
SP 141;82,000;-23.10597;-48.21395
SP 141;83,000;-23.10535;-48.22558
SP 141;84,000;-23.10583;-48.23345
SP 141;85,000;-23.10303;-48.24257
SP 141;86,000;-23.10049;-48.25167
SP 143;0,000;-23.23101;-47.94812
SP 143;0,000;-23.23077;-47.94862
SP 143;1,000;-23.22369;-47.94892
SP 143;1,000;-23.22354;-47.9494
SP 143;2,000;-23.21372;-47.94822
SP 143;3,000;-23.20505;-47.9471
SP 143;4,000;-23.19482;-47.94579
SP 143;5,000;-23.18581;-47.94465
SP 143;6,000;-23.17657;-47.94362
SP 143;7,000;-23.16771;-47.94249
SP 143;8,000;-23.15963;-47.94132
SP 143;9,000;-23.1508;-47.94188
SP 143;10,000;-23.14217;-47.94247
SP 143;11,000;-23.13424;-47.94739
SP 143;12,000;-23.12486;-47.94877
SP 143;13,000;-23.11566;-47.95098
SP 143;14,000;-23.10663;-47.95173
SP 143;15,000;-23.09943;-47.95594
SP 143;16,000;-23.09176;-47.9611
SP 143;17,000;-23.08415;-47.96548
SP 143;18,000;-23.07634;-47.96968
SP 143;18,000;-23.07646;-47.9698
SP 143;19,000;-23.06869;-47.97384
SP 143;19,000;-23.06868;-47.97414
SP 143;20,000;-23.06235;-47.96902
SP 143;21,000;-23.05633;-47.96181
SP 143;22,000;-23.04913;-47.95851
SP 147;238,500;-22.9513;-48.27627
SP 147;239,000;-22.95579;-48.27539
SP 147;240,000;-22.96426;-48.27525
SP 147;241,000;-22.96659;-48.27638
SP 147;242,000;-22.98216;-48.27814
SP 147;243,000;-22.98215;-48.27815
SP 147;244,000;-22.99782;-48.26921
SP 147;245,000;-23.00419;-48.26526
SP 147;246,000;-23.00929;-48.25618
SP 147;247,000;-23.01769;-48.25674
SP 147;247,000;-23.01795;-48.25659
SP 147;248,000;-23.01795;-48.25659
SP 147;249,000;-23.03444;-48.25385
SP 147;250,000;-23.03807;-48.24526
SP 147;251,000;-23.04355;-48.23846
SP 147;252,000;-23.05232;-48.2407
SP 147;253,000;-23.0523;-48.24073
SP 147;254,000;-23.06106;-48.2423
SP 147;255,000;-23.0765;-48.24903
SP 147;256,000;-23.08223;-48.25555
SP 147;257,000;-23.09254;-48.25793
SP 147;258,000;-23.09862;-48.26151
SP 147;258,000;-23.09865;-48.26149
SP 147;259,000;-23.10506;-48.26917
SP 147;259,000;-23.10516;-48.26879
SP 147;259,000;-23.10517;-48.26879
SP 147;260,000;-23.11287;-48.27328
SP 147;261,000;-23.12066;-48.27764
SP 147;262,000;-23.12863;-48.28221
SP 147;262,000;-23.12864;-48.28222
SP 147;262,800;-23.13553;-48.28489
SP 147;262,800;-23.13554;-48.28494
SP 147;263,000;-23.13701;-48.28553
SP 147;264,000;-23.15289;-48.2924
SP 147;264,000;-23.14554;-48.28798
SP 147;265,000;-23.15406;-48.29185
SP 147;266,000;-23.15406;-48.29185
SP 147;266,000;-23.16161;-48.29689
SP 147;267,000;-23.16974;-48.30134
SP 147;267,000;-23.12735;-48.27995
SP 147;267,800;-23.16962;-48.30144
SP 147;267,800;-23.17647;-48.30487
SP 147;268,200;-23.17991;-48.30657
SP 147;268,200;-23.17996;-48.30652
SP 147;268,200;-23.18009;-48.30667
SP 157;6,000;-23.56828;-48.08462
SP 157;7,000;-23.55967;-48.08582
SP 157;8,000;-23.55182;-48.08911
SP 157;9,000;-23.55006;-48.09488
SP 157;10,000;-23.54117;-48.09698
SP 157;11,000;-23.53571;-48.10246
SP 157;12,000;-23.53331;-48.11174
SP 157;13,000;-23.53608;-48.11849
SP 157;14,000;-23.53461;-48.12461
SP 157;15,000;-23.52788;-48.13099
SP 157;16,000;-23.52201;-48.13771
SP 157;18,000;-23.50882;-48.14794
SP 157;19,000;-23.50051;-48.15149
SP 157;20,000;-23.49442;-48.15788
SP 157;21,000;-23.49352;-48.16718
SP 157;21,900;-23.49294;-48.17435
SP 157;21,900;-23.49411;-48.17547
SP 157;22,000;-23.49407;-48.17552
SP 157;22,000;-23.49411;-48.17546
SP 157;23,150;-23.48677;-48.18299
SP 157;43,000;-23.32613;-48.1857
SP 157;44,000;-23.31809;-48.18113
SP 157;44,850;-23.31175;-48.17661
SP 157;44,900;-23.31154;-48.17646
SP 157;45,900;-23.30532;-48.16959
SP 157;45,900;-23.30469;-48.16896
SP 157;45,950;-23.30492;-48.16891
SP 157;45,950;-23.30492;-48.16894
SP 157;45,950;-23.30496;-48.16896
SP 157;45,950;-23.30482;-48.16898
SP 157;45,950;-23.30483;-48.16898
SP 157;45,950;-23.30483;-48.16899
SP 157;46,000;-23.30451;-48.16881
SP 157;46,950;-23.2974;-48.16451
SP 157;46,950;-23.29739;-48.1645
SP 157;47,750;-23.29068;-48.16651
SP 157;47,800;-23.29033;-48.1665
SP 157;47,900;-23.28919;-48.16617
SP 157;47,900;-23.28912;-48.16615
SP 157;47,900;-23.28889;-48.16609
SP 157;47,900;-23.2889;-48.16611
SP 157;49,000;-23.28125;-48.15933
SP 157;50,000;-23.27414;-48.15413
SP 157;50,000;-23.27419;-48.15415
SP 157;50,000;-23.27408;-48.15416
SP 157;50,000;-23.27421;-48.15418
SP 157;51,800;-23.26566;-48.14248
SP 157;52,000;-23.26474;-48.14063
SP 157;52,200;-23.26304;-48.1395
SP 157;52,500;-23.26119;-48.13923
SP 157;52,500;-23.26138;-48.1392
SP 157;52,500;-23.26137;-48.13921
SP 165;168,800;-24.51957;-48.72663
SP 165;169,000;-24.51977;-48.72846
SP 165;170,000;-24.52421;-48.73587
SP 165;171,000;-24.52593;-48.74527
SP 165;172,000;-24.52944;-48.75382
SP 165;173,000;-24.53474;-48.76212
SP 165;174,000;-24.5395;-48.76939
SP 165;175,000;-24.54021;-48.77827
SP 165;176,000;-24.53733;-48.78451
SP 165;177,000;-24.53799;-48.79102
SP 165;178,000;-24.54093;-48.79951
SP 165;179,000;-24.53951;-48.80875
SP 165;180,000;-24.5408;-48.81331
SP 165;181,000;-24.54063;-48.81334
SP 165;182,000;-24.54044;-48.82767
SP 165;183,000;-24.53466;-48.83371
SP 165;184,000;-24.52686;-48.83662
SP 181;0,000;-24.01697;-48.34942
SP 181;1,000;-24.02535;-48.34707
SP 181;2,000;-24.03402;-48.34881
SP 181;3,000;-24.04218;-48.34757
SP 181;4,000;-24.05054;-48.35141
SP 181;5,000;-24.05718;-48.35801
SP 181;6,000;-24.06538;-48.36044
SP 181;7,000;-24.07442;-48.3633
SP 181;8,000;-24.08118;-48.36329
SP 181;9,000;-24.09047;-48.36353
SP 181;10,000;-24.09831;-48.36177
SP 181;11,000;-24.10698;-48.36146
SP 181;12,000;-24.11422;-48.35764
SP 181;13,000;-24.12323;-48.36148
SP 181;14,000;-24.12875;-48.36761
SP 181;15,000;-24.136;-48.363
SP 181;16,000;-24.14169;-48.35608
SP 181;17,000;-24.14823;-48.34916
SP 181;18,000;-24.15208;-48.35289
SP 181;19,000;-24.15939;-48.34867
SP 181;19,100;-24.16033;-48.34872
SP 245;0,000;-23.10931;-48.94126
SP 245;1,000;-23.10845;-48.951
SP 245;2,000;-23.1074;-48.96108
SP 245;3,000;-23.1068;-48.96951
SP 245;4,000;-23.10544;-48.97938
SP 245;5,000;-23.09951;-48.98741
SP 245;6,000;-23.09335;-48.9946
SP 245;7,000;-23.08751;-49.00146
SP 245;8,000;-23.08344;-49.00952
SP 245;9,000;-23.0816;-49.01907
SP 245;10,000;-23.07982;-49.02859
SP 245;11,000;-23.07796;-49.03824
SP 245;12,000;-23.07624;-49.04758
SP 245;13,000;-23.07423;-49.05785
SP 245;14,000;-23.0725;-49.06702
SP 245;15,000;-23.07075;-49.07634
SP 249;2,000;-24.49925;-48.84285
SP 249;3,000;-24.48995;-48.84502
SP 249;4,000;-24.48393;-48.83978
SP 249;5,000;-24.47514;-48.84052
SP 249;6,000;-24.46713;-48.84093
SP 249;7,000;-24.45769;-48.84507
SP 249;8,000;-24.45472;-48.85075
SP 249;9,000;-24.44707;-48.85469
SP 249;10,000;-24.4404;-48.85811
SP 249;11,000;-24.43671;-48.86665
SP 249;12,000;-24.43165;-48.87235
SP 249;13,000;-24.42243;-48.8658
SP 249;14,000;-24.41604;-48.86619
SP 249;15,000;-24.40908;-48.87217
SP 249;16,000;-24.40117;-48.8759
SP 249;17,000;-24.39265;-48.87446
SP 249;18,000;-24.38485;-48.87067
SP 249;19,000;-24.38035;-48.86393
SP 249;20,000;-24.37365;-48.85831
SP 249;21,000;-24.36716;-48.85867
SP 249;22,000;-24.3605;-48.85261
SP 249;23,000;-24.35227;-48.85271
SP 249;24,000;-24.346;-48.84861
SP 249;25,000;-24.34507;-48.84378
SP 249;25,000;-24.34516;-48.84418
SP 249;25,000;-24.34518;-48.84409
SP 249;26,000;-24.33907;-48.83879
SP 249;27,000;-24.33048;-48.83824
SP 249;27,000;-24.33048;-48.83824
SP 249;28,000;-24.32159;-48.83617
SP 249;28,000;-24.32156;-48.83612
SP 249;29,000;-24.3126;-48.83451
SP 249;29,000;-24.31261;-48.83452
SP 249;30,000;-24.3066;-48.82778
SP 249;30,000;-24.3066;-48.82783
SP 249;30,600;-24.30246;-48.82434
SP 249;30,600;-24.30245;-48.82436
SP 249;31,000;-24.29919;-48.82205
SP 249;31,000;-24.29918;-48.82205
SP 249;32,000;-24.29234;-48.81649
SP 249;32,000;-24.29235;-48.81649
SP 249;32,800;-24.29126;-48.80988
SP 249;32,800;-24.29129;-48.80973
SP 249;34,300;-24.28933;-48.79676
SP 249;34,500;-24.28743;-48.79765
SP 249;34,500;-24.28748;-48.79762
SP 249;34,870;-24.28883;-48.79478
SP 249;35,050;-24.28826;-48.79282
SP 249;35,380;-24.28539;-48.79135
SP 249;35,500;-24.2845;-48.79124
SP 249;35,900;-24.281;-48.79084
SP 249;36,100;-24.27926;-48.79102
SP 249;37,000;-24.27855;-48.78641
SP 249;37,000;-24.27708;-48.78517
SP 249;38,000;-24.27134;-48.77788
SP 249;38,000;-24.27113;-48.77751
SP 249;39,000;-24.26435;-48.77173
SP 249;39,000;-24.26397;-48.77174
SP 249;40,000;-24.25606;-48.76755
SP 249;40,000;-24.25578;-48.76762
SP 249;41,000;-24.24678;-48.76572
SP 249;45,000;-24.21743;-48.76782
SP 249;46,000;-24.21264;-48.77224
SP 249;47,000;-24.2045;-48.77629
SP 249;48,000;-24.19874;-48.78289
SP 249;49,000;-24.19628;-48.79278
SP 249;50,000;-24.19233;-48.80263
SP 249;51,000;-24.18308;-48.8039
SP 249;52,000;-24.17386;-48.80061
SP 249;53,000;-24.1639;-48.79841
SP 249;54,000;-24.15385;-48.79811
SP 249;55,000;-24.14615;-48.80438
SP 249;56,000;-24.1391;-48.81088
SP 249;57,000;-24.12924;-48.81237
SP 249;58,000;-24.12105;-48.80911
SP 249;59,000;-24.11433;-48.80803
SP 249;60,000;-24.10668;-48.81017
SP 249;61,000;-24.10665;-48.81555
SP 249;62,000;-24.10418;-48.81857
SP 249;63,000;-24.09585;-48.82218
SP 249;64,000;-24.09182;-48.82396
SP 249;65,000;-24.08455;-48.82977
SP 249;66,000;-24.07783;-48.82993
SP 249;67,000;-24.06849;-48.83224
SP 249;68,000;-24.06008;-48.83604
SP 249;69,000;-24.05184;-48.83983
SP 249;70,000;-24.04571;-48.84603
SP 249;71,000;-24.03877;-48.85183
SP 249;71,000;-24.03995;-48.85003
SP 249;72,000;-24.0329;-48.85833
SP 249;72,000;-24.03352;-48.85742
SP 249;73,000;-24.02664;-48.8671
SP 249;73,000;-24.02792;-48.86596
SP 249;74,000;-24.01848;-48.86978
SP 249;74,000;-24.01977;-48.87009
SP 249;75,000;-24.01115;-48.87302
SP 249;75,000;-24.01285;-48.87259
SP 249;76,000;-24.00326;-48.87754
SP 249;76,000;-23.9993;-48.8786
SP 249;79,000;-23.986;-48.89335
SP 249;80,000;-23.98181;-48.89699
SP 249;81,000;-23.97662;-48.90548
SP 249;82,000;-23.97065;-48.91198
SP 249;83,000;-23.96541;-48.92043
SP 249;84,000;-23.96504;-48.92955
SP 249;85,000;-23.96288;-48.93912
SP 249;86,000;-23.96284;-48.94718
SP 249;87,000;-23.96444;-48.95661
SP 249;88,000;-23.95807;-48.96277
SP 249;89,000;-23.95138;-48.96825
SP 249;90,000;-23.94505;-48.97397
SP 249;91,000;-23.94051;-48.98277
SP 249;92,000;-23.93704;-48.99072
SP 249;93,000;-23.93373;-48.99795
SP 249;94,000;-23.92843;-49.00553
SP 249;95,000;-23.92305;-49.01146
SP 249;96,000;-23.92228;-49.0193
SP 249;97,000;-23.91985;-49.02859
SP 249;98,000;-23.91735;-49.03766
SP 249;99,000;-23.9129;-49.04551
SP 249;100,000;-23.91368;-49.05429
SP 249;101,000;-23.9051;-49.05667
SP 249;102,000;-23.89802;-49.05393
SP 249;103,000;-23.89024;-49.05451
SP 249;104,000;-23.88566;-49.06262
SP 249;105,000;-23.87839;-49.0679
SP 249;106,000;-23.87698;-49.07775
SP 249;107,000;-23.87587;-49.08756
SP 249;108,000;-23.8703;-49.09529
SP 249;109,000;-23.86689;-49.10441
SP 249;110,000;-23.86232;-49.11143
SP 249;111,000;-23.85967;-49.12218
SP 249;112,000;-23.85753;-49.13113
SP 249;113,000;-23.85586;-49.14032
SP 249;114,000;-23.8553;-49.14934
SP 249;115,000;-23.85128;-49.15669
SP 249;116,000;-23.84251;-49.16117
SP 249;117,000;-23.83512;-49.16748
SP 249;118,000;-23.82818;-49.17424
SP 249;119,000;-23.82187;-49.18137
SP 249;120,000;-23.81441;-49.1872
SP 249;121,000;-23.80628;-49.19193
SP 249;122,000;-23.79992;-49.19946
SP 249;123,000;-23.80111;-49.20929
SP 249;124,000;-23.79848;-49.21891
SP 249;125,000;-23.79046;-49.22307
SP 249;126,000;-23.78172;-49.2247
SP 249;127,000;-23.7731;-49.22359
SP 249;128,000;-23.76618;-49.22991
SP 249;129,000;-23.7577;-49.22824
SP 249;130,000;-23.74866;-49.23154
SP 249;131,000;-23.74075;-49.2346
SP 249;132,000;-23.73565;-49.24299
SP 249;133,000;-23.72989;-49.2498
SP 249;134,000;-23.72132;-49.25329
SP 249;135,000;-23.71223;-49.25396
SP 249;135,000;-23.71021;-49.25407
SP 249;136,000;-23.70303;-49.25459
SP 249;137,000;-23.69491;-49.25914
SP 249;138,000;-23.69045;-49.26736
SP 249;139,000;-23.68854;-49.27717
SP 249;140,000;-23.68135;-49.28243
SP 249;141,000;-23.67241;-49.28468
SP 249;142,000;-23.66276;-49.28699
SP 249;143,000;-23.65444;-49.2883
SP 249;144,000;-23.64521;-49.28845
SP 249;158,390;-23.52538;-49.24552
SP 249;159,000;-23.52291;-49.25221
SP 249;160,000;-23.52005;-49.25948
SP 249;161,000;-23.51622;-49.26747
SP 249;162,000;-23.5117;-49.2768
SP 249;163,000;-23.50753;-49.28554
SP 249;164,000;-23.5034;-49.29409
SP 249;165,000;-23.49922;-49.30268
SP 249;166,000;-23.49523;-49.31128
SP 249;167,000;-23.49055;-49.32011
SP 249;168,000;-23.48504;-49.32783
SP 250;159,000;-23.85892;-47.84317
SP 250;160,000;-23.86207;-47.85233
SP 250;161,000;-23.86554;-47.86189
SP 250;162,000;-23.86899;-47.87024
SP 250;163,000;-23.87245;-47.87899
SP 250;164,000;-23.8737;-47.8888
SP 250;165,000;-23.8752;-47.89868
SP 250;166,000;-23.87659;-47.90771
SP 250;167,000;-23.87807;-47.91758
SP 250;168,000;-23.87948;-47.92699
SP 250;169,000;-23.88097;-47.93666
SP 250;170,000;-23.88231;-47.94562
SP 250;171,000;-23.88404;-47.95568
SP 250;172,000;-23.88551;-47.96477
SP 250;173,000;-23.88732;-47.97425
SP 250;174,000;-23.88984;-47.9831
SP 250;175,000;-23.89185;-47.99182
SP 250;176,000;-23.89188;-48.00014
SP 250;177,000;-23.89048;-48.00893
SP 250;178,000;-23.88433;-48.01361
SP 250;179,000;-23.88843;-48.0215
SP 250;180,000;-23.88645;-48.02936
SP 250;181,000;-23.88429;-48.03862
SP 250;182,000;-23.88176;-48.04672
SP 250;183,000;-23.87845;-48.05582
SP 250;184,000;-23.88024;-48.06515
SP 250;185,000;-23.87923;-48.07442
SP 250;186,000;-23.87881;-48.08396
SP 250;187,000;-23.87892;-48.09382
SP 250;188,000;-23.87904;-48.10345
SP 250;189,000;-23.87917;-48.11354
SP 250;190,000;-23.8791;-48.123
SP 250;191,000;-23.87708;-48.13256
SP 250;192,000;-23.88352;-48.13701
SP 250;193,000;-23.89064;-48.14896
SP 250;194,000;-23.89475;-48.15172
SP 250;195,000;-23.90499;-48.15325
SP 250;196,000;-23.91218;-48.15422
SP 250;197,000;-23.92106;-48.15909
SP 250;198,000;-23.92847;-48.16207
SP 250;199,000;-23.92551;-48.17198
SP 250;200,000;-23.92373;-48.17849
SP 250;204,000;-23.92249;-48.18115
SP 250;205,000;-23.91688;-48.18939
SP 250;206,000;-23.02853;-48.0639
SP 250;207,000;-23.0313;-48.138
SP 250;208,000;-23.93455;-48.20952
SP 250;209,000;-23.9423;-48.21429
SP 250;210,000;-23.94449;-48.2234
SP 250;211,000;-23.9492;-48.23231
SP 250;212,000;-23.95653;-48.2366
SP 250;213,000;-23.96298;-48.24231
SP 250;214,000;-23.96197;-48.25113
SP 250;215,000;-23.96493;-48.26064
SP 250;216,000;-23.97027;-48.27004
SP 250;217,000;-23.96951;-48.27582
SP 250;218,000;-23.96992;-48.28608
SP 250;219,000;-23.97595;-48.29178
SP 250;220,000;-23.98207;-48.29981
SP 250;221,000;-23.99225;-48.30202
SP 250;222,000;-23.99491;-48.3089
SP 250;223,000;-24.00229;-48.3146
SP 250;224,000;-24.00481;-48.3233
SP 250;225,000;-24.00974;-48.33018
SP 250;228,000;-24.01726;-48.35057
SP 250;229,000;-24.02494;-48.35793
SP 250;230,000;-24.03123;-48.36413
SP 250;231,000;-24.03609;-48.37226
SP 250;232,000;-24.04291;-48.37859
SP 250;233,000;-24.05225;-48.3846
SP 250;234,000;-24.05964;-48.39009
SP 250;235,000;-24.105954;-48.39909
SP 250;236,000;-24.06267;-48.40902
SP 250;237,000;-24.06738;-48.4175
SP 250;238,000;-24.07282;-48.4239
SP 250;239,000;-24.07983;-48.43186
SP 250;240,000;-24.08688;-48.43728
SP 250;241,000;-24.09916;-48.44351
SP 250;242,000;-24.10319;-48.44548
SP 250;243,000;-24.10927;-48.4495
SP 250;244,000;-24.11741;-48.45043
SP 250;245,000;-24.12665;-48.44978
SP 250;246,000;-24.13324;-48.45521
SP 250;247,000;-24.14117;-48.46068
SP 250;248,000;-24.14554;-48.46789
SP 250;249,000;-24.14911;-48.47629
SP 250;250,000;-24.14576;-48.48346
SP 250;251,000;-24.14436;-48.49441
SP 250;252,000;-24.14604;-48.49964
SP 250;253,000;-24.15608;-48.49894
SP 250;254,000;-24.15821;-48.50277
SP 250;255,000;-24.16549;-48.50295
SP 250;256,000;-24.16891;-48.50782
SP 250;257,000;-24.17969;-48.50979
SP 250;258,000;-24.18622;-48.51425
SP 250;259,000;-24.18768;-48.51933
SP 250;260,000;-24.18811;-48.52303
SP 250;261,000;-24.18591;-48.53242
SP 250;262,000;-24.19045;-48.53856
SP 250;263,000;-24.19104;-48.54258
SP 250;264,000;-24.19286;-48.55211
SP 250;265,000;-24.19672;-48.5592
SP 250;266,000;-24.20349;-48.56207
SP 250;267,000;-24.21062;-48.56966
SP 250;268,000;-24.21646;-48.5746
SP 250;269,000;-24.22273;-48.57984
SP 250;270,000;-24.22479;-48.58697
SP 250;271,000;-24.22659;-48.5963
SP 250;272,000;-24.2341;-48.5965
SP 250;273,000;-24.24014;-48.59354
SP 250;274,000;-24.24742;-48.59264
SP 250;275,000;-24.25449;-48.59661
SP 250;276,000;-24.26171;-48.6025
SP 250;277,000;-24.2653;-48.61029
SP 250;278,000;-24.27547;-48.61746
SP 250;279,000;-24.28178;-48.6202
SP 250;280,000;-24.28979;-48.61818
SP 250;281,000;-24.29906;-48.61989
SP 250;282,000;-24.30633;-48.62122
SP 250;283,000;-24.3132;-48.62308
SP 250;284,000;-24.32106;-48.61692
SP 250;285,000;-24.32692;-48.61147
SP 250;286,000;-24.33416;-48.61601
SP 250;287,000;-24.34172;-48.62075
SP 250;288,000;-24.35352;-48.62648
SP 250;289,000;-24.35994;-48.62859
SP 250;290,000;-24.3666;-48.6317
SP 250;291,000;-24.37399;-48.63617
SP 250;292,000;-24.38236;-48.63855
SP 250;293,000;-24.39545;-48.64268
SP 250;294,000;-24.39731;-48.64415
SP 250;295,000;-24.40452;-48.65065
SP 250;296,000;-24.41046;-48.65744
SP 250;297,000;-24.41671;-48.66368
SP 250;298,000;-24.42058;-48.67039
SP 250;299,000;-24.42606;-48.67932
SP 250;300,000;-24.43269;-48.68074
SP 250;301,000;-24.43947;-48.69033
SP 250;302,000;-24.44361;-48.69578
SP 250;303,000;-24.44601;-48.70671
SP 250;304,000;-24.44822;-48.71194
SP 250;305,000;-24.45461;-48.7183
SP 250;306,000;-24.45534;-48.72826
SP 250;307,000;-24.4593;-48.73692
SP 250;308,000;-24.4649;-48.74344
SP 250;309,000;-24.46994;-48.75123
SP 250;310,000;-24.47325;-48.75968
SP 250;311,000;-24.47577;-48.7682
SP 250;312,000;-24.47702;-48.77767
SP 250;313,000;-24.48622;-48.7846
SP 250;314,000;-24.49058;-48.78884
SP 250;315,000;-24.49708;-48.79539
SP 250;316,000;-24.50284;-48.80298
SP 250;317,000;-24.50812;-48.81091
SP 250;318,000;-24.51352;-48.81819
SP 250;319,000;-24.51987;-48.82738
SP 250;320,000;-24.52336;-48.83369
SP 250;321,000;-24.51825;-48.84007
SP 250;322,000;-24.54266;-48.90823
SP 250;323,000;-24.51658;-48.85649
SP 250;324,000;-24.52171;-48.86241
SP 250;325,000;-24.52888;-48.86589
SP 250;326,000;-24.52922;-48.87314
SP 250;327,000;-24.53385;-48.87098
SP 250;328,000;-24.53696;-48.87783
SP 250;329,000;-24.53852;-48.88657
SP 250;330,000;-24.54448;-48.89308
SP 250;331,000;-24.54359;-48.90126
SP 250;332,000;-24.54266;-48.90823
SP 250;332,000;-24.03571;-49.17189
SP 250;333,000;-24.54735;-48.91455
SP 250;334,000;-24.54918;-48.9217
SP 250;335,000;-24.54708;-48.92507
SP 250;336,000;-24.54807;-48.9303
SP 250;337,000;-24.55378;-48.9376
SP 250;338,000;-24.5606;-48.94115
SP 250;339,000;-24.5626;-48.94455
SP 250;340,000;-24.57246;-48.95199
SP 250;341,000;-24.58029;-48.95441
SP 250;342,000;-24.58636;-48.9598
SP 250;343,000;-24.59273;-48.96558
SP 250;344,000;-24.59857;-48.97126
SP 250;345,000;-24.60342;-48.97307
SP 250;346,000;-24.60795;-48.97731
SP 250;347,000;-24.60497;-48.98482
SP 250;348,000;-24.6096;-48.99146
SP 250;349,000;-24.61743;-48.99228
SP 250;350,000;-24.62672;-48.99429
SP 250;351,000;-24.6354;-48.99602
SP 250;352,000;-24.64025;-49.00405
SP 250;353,000;-24.64614;-49.00589
SP 250;354,000;-24.65598;-49.01012
SP 251;20,38;-22.98693;-48.82775
SP 251;21,000;-22.98326;-48.82332
SP 251;21,000;-22.9832;-48.82343
SP 251;22,000;-22.98265;-48.82287
SP 251;22,000;-22.97691;-48.81626
SP 251;23,000;-22.97068;-48.80895
SP 251;23,000;-22.97068;-48.80895
SP 251;24,000;-22.96784;-48.80133
SP 251;24,000;-22.96782;-48.8013
SP 251;24,1;-22.96814;-48.80065
SP 252;0,05;-24.18926;-48.53702
SP 252;1,000;-24.18377;-48.54192
SP 252;2,000;-24.1865;-48.54974
SP 252;3,000;-24.18302;-48.55781
SP 252;4,000;-24.18086;-48.56401
SP 252;4,000;-24.17851;-48.57205
SP 252;4,000;-24.18225;-48.57905
SP 252;7,000;-24.18587;-48.58739
SP 252;8,000;-24.18138;-48.59537
SP 252;9,000;-24.18192;-48.60366
SP 252;10,000;-24.17985;-48.6122
SP 252;11,000;-24.17599;-48.62086
SP 252;12,000;-24.18087;-48.62965
SP 252;12,45;-24.1824;-48.63309
SP 252;13,000;-24.18427;-48.63839
SP 252;14,000;-24.18252;-48.64655
SP 252;15,000;-24.1853;-48.65129
SP 252;16,000;-24.18396;-48.66016
SP 252;17,000;-24.18338;-48.67016
SP 252;19,000;-24.18168;-48.67918
SP 252;20,000;-24.17925;-48.69446
SP 252;21,000;-24.17879;-48.70294
SP 252;22,000;-24.18487;-48.7102
SP 252;23,000;-24.18835;-48.71922
SP 252;24,000;-24.19245;-48.72408
SP 252;25,000;-24.19595;-48.73108
SP 252;26,000;-24.19975;-48.73915
SP 252;27,000;-24.20285;-48.7487
SP 252;28,000;-24.20754;-48.75726
SP 252;29,000;-24.21382;-48.76346
SP 252;30,4;-24.21768;-48.76712
SP 259;308,8;-23.91527;-49.05177
SP 259;309,000;-23.91645;-49.05352
SP 259;309,000;-23.91642;-49.05351
SP 259;310,000;-23.92446;-49.05494
SP 259;310,000;-23.92441;-49.05497
SP 259;311,000;-23.93332;-49.05784
SP 259;311,000;-23.93336;-49.05784
SP 259;312,000;-23.94104;-49.05913
SP 259;312,000;-23.94104;-49.05913
SP 259;313,000;-23.95031;-49.0633
SP 259;313,000;-23.95028;-49.06329
SP 259;314,000;-23.95689;-49.06872
SP 259;314,000;-23.95686;-49.06871
SP 259;315,000;-23.96599;-49.06995
SP 259;315,000;-23.96594;-49.06994
SP 259;316,000;-23.97472;-49.07268
SP 259;316,000;-23.97477;-49.07272
SP 259;317,000;-23.98125;-49.07911
SP 259;317,000;-23.98119;-49.07898
SP 259;318,000;-23.9872;-49.08515
SP 259;318,000;-23.98718;-49.08515
SP 259;319,000;-23.9961;-49.08124
SP 259;319,000;-23.99606;-49.08122
SP 259;320,000;-24.00419;-49.07968
SP 259;320,000;-24.00419;-49.07968
SP 259;321,000;-24.0116;-49.08595
SP 259;321,000;-24.01155;-49.08591
SP 259;322,000;-24.0193;-49.09118
SP 259;322,000;-24.0193;-49.09118
SP 259;323,000;-24.02204;-49.09853
SP 259;324,000;-24.02637;-49.10672
SP 259;325,000;-24.03167;-49.11406
SP 259;326,000;-24.03104;-49.12348
SP 259;327,2;-24.02341;-49.13261
SP 259;328,000;-24.02216;-49.13953
SP 259;329,000;-24.02721;-49.1454
SP 259;330,000;-24.02721;-49.1454
SP 259;331,000;-24.03643;-49.16136
SP 259;333,000;-24.03285;-49.18065
SP 259;334,000;-24.0297;-49.18988
SP 259;335,000;-24.02961;-49.20045
SP 259;336,000;-24.03194;-49.20678
SP 259;337,000;-24.04157;-49.21383
SP 259;338,000;-24.04989;-49.21464
SP 259;339,000;-24.05863;-49.21474
SP 259;340,000;-24.06638;-49.21916
SP 259;341,000;-24.07432;-49.22367
SP 259;342,000;-24.08328;-49.22837
SP 259;343,7;-24.09469;-49.23607
SP 259;343,7;-24.09469;-49.23606
SP 259;344,000;-24.09704;-49.2377
SP 259;344,000;-24.09705;-49.23771
SP 259;345,000;-24.10291;-49.24548
SP 259;345,000;-24.10291;-49.24548
SP 259;346,000;-24.10723;-49.25471
SP 259;346,000;-24.10723;-49.25462
SP 259;347,000;-24.11099;-49.26393
SP 259;347,000;-24.11097;-49.26389
SP 259;348,000;-24.11687;-49.27155
SP 259;348,000;-24.11688;-49.2715
SP 259;349,000;-24.12293;-49.27835
SP 259;349,000;-24.12292;-49.27835
SP 259;350,000;-24.12102;-49.28753
SP 259;350,000;-24.12104;-49.28748
SP 259;351,000;-24.11763;-49.29543
SP 259;351,000;-24.11763;-49.29543
SP 259;352,000;-24.11515;-49.30531
SP 259;352,000;-24.11517;-49.30525
SP 259;353,000;-24.11078;-49.31509
SP 259;353,000;-24.11078;-49.31509
SP 268;118,3;-23.50473;-47.62211
SP 267;322,3;-23.8603;-49.12858
SP 267;323,000;-23.86571;-49.13196
SP 267;324,000;-23.87442;-49.1345
SP 267;325,000;-23.88189;-49.13739
SP 267;326,000;-23.88991;-49.13986
SP 267;327,000;-23.89903;-49.13733
SP 267;328,000;-23.90845;-49.14022
SP 267;329,000;-23.91649;-49.13658
SP 267;330,000;-23.92479;-49.1391
SP 267;331,000;-23.93404;-49.14062
SP 267;332,000;-23.94267;-49.13622
SP 267;333,000;-23.95198;-49.13574
SP 267;334,000;-23.96134;-49.13665
SP 267;335,000;-23.97035;-49.13932
SP 267;336,000;-23.97946;-49.14188
SP 267;337,000;-23.98837;-49.13966
SP 267;338,000;-23.99749;-49.13752
SP 267;339,000;-24.00672;-49.13561
SP 267;340,000;-24.01608;-49.13512
SP 267;341,000;-24.02394;-49.13147
SP 267;342,000;-24.03039;-49.12428
SP 267;343,000;-24.03948;-49.1227
SP 267;344,000;-24.04844;-49.12221
SP 267;345,000;-24.05792;-49.12218
SP 267;346,000;-24.0665;-49.12401
SP 267;346,5;-24.07139;-49.12509
SP 268;119,000;-23.50352;-47.62478
SP 268;120,000;-23.5018;-47.6283
SP 268;121,000;-23.49779;-47.63894
SP 268;122,000;-23.49519;-47.64678
SP 268;123,000;-23.48783;-47.66357
SP 268;124,000;-23.48768;-47.66376
SP 268;125,000;-23.4836;-47.67211
SP 268;126,000;-23.47612;-47.6911
SP 268;127,000;-23.47455;-47.69855
SP 268;128,000;-23.54941;-47.66013
SP 268;129,000;-23.47029;-47.72478
SP 268;130,000;-23.46255;-47.72497
SP 268;131,000;-23.46706;-47.7314
SP 268;133,000;-23.48011;-47.74191
SP 268;134,000;-23.48479;-47.74775
SP 268;135,000;-23.48345;-47.758
SP 268;136,000;-23.48574;-47.76691
SP 268;137,000;-23.48439;-47.7776
SP 268;138,000;-23.48037;-47.78584
SP 268;139,000;-23.48037;-47.78579
SP 268;140,000;-23.48839;-47.80088
SP 268;140,000;-23.48836;-47.80099
SP 268;141,1;-23.49384;-47.81029
SP 268;142,000;-23.49899;-47.8172
SP 268;143,000;-23.50605;-47.82495
SP 268;144,000;-23.51338;-47.82729
SP 268;145,000;-23.52175;-47.82995
SP 268;146,000;-23.53126;-47.8312
SP 268;147,000;-23.54007;-47.83237
SP 268;148,000;-23.54756;-47.83809
SP 268;149,000;-23.55369;-47.84373
SP 268;150,000;-23.55899;-47.8516
SP 268;151,000;-23.55634;-47.86103
SP 268;152,000;-23.55416;-47.86874
SP 268;154,000;-23.56496;-47.88829
SP 268;155,000;-23.54796;-47.89349
SP 268;156,000;-23.55132;-47.90423
SP 268;157,000;-23.5478;-47.91299
SP 268;158,000;-23.55161;-47.92189
SP 268;159,000;-23.55253;-47.9321
SP 268;160,000;-23.55237;-47.94099
SP 268;161,000;-23.55117;-47.95178
SP 268;162,000;-23.54319;-47.9659
SP 268;163,000;-23.56077;-47.96693
SP 268;164,000;-23.56726;-47.97352
SP 268;176,78;-23.55186;-48.09513
SP 268;177,000;-23.55237;-48.09708
SP 268;178,000;-23.55496;-48.10663
SP 268;179,000;-23.55745;-48.11255
SP 268;180,000;-23.56036;-48.12036
SP 268;181,000;-23.55651;-48.12617
SP 268;182,000;-23.55335;-48.13061
SP 268;183,000;-23.5485;-48.13561
SP 268;184,000;-23.55181;-48.14298
SP 268;185,000;-23.548;-48.14911
SP 268;186,000;-23.54267;-48.1555
SP 268;187,000;-23.53734;-48.1619
SP 268;188,000;-23.53098;-48.16941
SP 268;190,000;-23.5212;-48.18026
SP 268;191,000;-23.52221;-48.18894
SP 268;193,000;-23.51474;-48.20124
SP 268;194,000;-23.51949;-48.21012
SP 268;195,000;-23.52433;-48.21793
SP 268;196,000;-23.52899;-48.22106
SP 268;197,000;-23.53493;-48.22692
SP 268;198,000;-23.54197;-48.23044
SP 268;199,000;-23.54657;-48.23778
SP 268;217,6;-23.5275;-48.40489
SP 268;218,000;-23.52625;-48.40834
SP 268;219,000;-23.52079;-48.41408
SP 268;220,000;-23.51303;-48.41434
SP 268;221,000;-23.50532;-48.41617
SP 268;222,000;-23.49862;-48.41704
SP 268;222,4;-23.49578;-48.4162
SP 268;224,2;-23.48493;-48.4172
SP 268;225,000;-23.47945;-48.41966
SP 268;226,000;-23.47103;-48.42152
SP 268;227,000;-23.46313;-48.42158
SP 268;228,000;-23.4541;-48.4229
SP 268;229,000;-23.44608;-48.42558
SP 268;230,000;-23.4304;-48.43182
SP 268;231,000;-23.43217;-48.43737
SP 268;232,000;-23.42474;-48.4421
SP 268;233,000;-23.41799;-48.44766
SP 268;234,000;-23.41979;-48.45551
SP 268;235,000;-23.42352;-48.46435
SP 268;235,6;-23.42796;-48.46798
SP 268;236,000;-23.43028;-48.47001
SP 268;237,000;-23.42482;-48.47647
SP 268;237,1;-23.42451;-48.47824
SP 268;238,000;-23.4247;-48.48648
SP 268;239,000;-23.42113;-48.49484
SP 268;240,000;-23.42155;-48.50371
SP 268;241,000;-23.42451;-48.51131
SP 268;242,000;-23.42534;-48.51947
SP 268;243,000;-23.42064;-48.52854
SP 268;244,000;-23.41913;-48.53673
SP 268;245,000;-23.41689;-48.54576
SP 268;246,000;-23.41521;-48.55603
SP 268;247,000;-23.41344;-48.56422
SP 268;248,000;-23.42141;-48.56871
SP 268;249,000;-23.42494;-48.57783
SP 268;250,000;-23.42758;-48.58698
SP 268;251,000;-23.42982;-48.59574
SP 268;252,000;-23.43536;-48.60365
SP 268;253,000;-23.43294;-48.61373
SP 268;254,000;-23.42832;-48.6208
SP 268;255,000;-23.42321;-48.62857
SP 268;256,000;-23.41702;-48.63587
SP 268;257,000;-23.41545;-48.64532
SP 268;258,000;-23.4128;-48.65472
SP 268;259,000;-23.41076;-48.66427
SP 268;260,000;-23.41062;-48.67407
SP 268;260,6;-23.41098;-48.68247
SP 268;273,4;-23.38824;-48.72903
SP 268;274,000;-23.38738;-48.73449
SP 268;275,000;-23.38843;-48.74417
SP 268;276,000;-23.39002;-48.75328
SP 268;277,000;-23.39658;-48.75997
SP 268;278,000;-23.3969;-48.76953
SP 268;279,000;-23.39995;-48.77872
SP 268;280,000;-23.40526;-48.78575
SP 268;281,000;-23.41194;-48.79185
SP 268;282,000;-23.4153;-48.80049
SP 268;283,000;-23.41566;-48.81054
SP 268;284,000;-23.41498;-48.81995
SP 268;285,000;-23.41535;-48.82831
SP 268;286,000;-23.4227;-48.83127
SP 268;287,000;-23.43158;-48.82889
SP 268;288,000;-23.43709;-48.82219
SP 268;289,000;-23.44504;-48.8176
SP 268;289,5;-23.44845;-48.81583
SP 268;303,000;-23.33067;-49.01866
SP 268;303,000;-23.33067;-49.01864
SP 268;303,6;-23.32763;-49.01651
SP 268;303,6;-23.3274;-49.01631
SP 268;304,000;-23.33814;-49.02407
SP 268;304,000;-23.33814;-49.02407
SP 268;305,000;-23.34547;-49.02994
SP 268;305,000;-23.34547;-49.02994
SP 268;305,5;-23.34881;-49.03319
SP 268;305,5;-23.3488;-49.0332
SP 268;306,7;-23.34901;-49.03357
SP 268;306,7;-23.34913;-49.03366
SP 268;307,000;-23.35092;-49.03547
SP 268;307,000;-23.35092;-49.03547
SP 268;308,000;-23.35757;-49.04204
SP 268;308,000;-23.35759;-49.04208
SP 268;309,000;-23.36533;-49.04719
SP 268;309,000;-23.36533;-49.04719
SP 268;310,000;-23.3713;-49.05454
SP 268;310,000;-23.3713;-49.05455
SP 268;311,000;-23.37926;-49.05893
SP 268;311,000;-23.37929;-49.05887
SP 268;312,000;-23.38808;-49.05688
SP 268;312,000;-23.38802;-49.05687
SP 268;313,000;-23.3963;-49.05794
SP 268;313,000;-23.3963;-49.05786
SP 268;314,000;-23.40077;-49.06602
SP 268;314,000;-23.40079;-49.06599
SP 268;315,000;-23.40383;-49.07519
SP 268;315,000;-23.40383;-49.07531
SP 268;316,000;-23.40677;-49.08425
SP 268;316,000;-23.40676;-49.08425
SP 268;317,000;-23.41253;-49.09183
SP 268;317,000;-23.41253;-49.09182
SP 268;323,1;-23.40458;-49.11884
SP 268;323,1;-23.4046;-49.11885
SP 268;324,000;-23.40093;-49.12667
SP 268;324,000;-23.40093;-49.12672
SP 268;324,000;-23.40091;-49.12678
SP 268;324,000;-23.40091;-49.12678
SP 268;325,000;-23.40004;-49.13664
SP 268;325,000;-23.40003;-49.13663
SP 268;326,000;-23.39486;-49.14512
SP 268;326,000;-23.39488;-49.14508
SP 268;327,000;-23.38912;-49.15281
SP 268;327,000;-23.38914;-49.1528
SP 268;328,000;-23.38434;-49.16154
SP 268;328,000;-23.38435;-49.16158
SP 268;329,000;-23.37767;-49.16798
SP 268;329,000;-23.37768;-49.16797
SP 268;330,000;-23.37141;-49.17543
SP 268;330,000;-23.37147;-49.17527
SP 268;331,000;-23.36539;-49.18332
SP 268;331,000;-23.36539;-49.18325
SP 268;331,4;-23.36304;-49.18647
SP 268;331,5;-23.36257;-49.18698
SP 268;332,000;-23.35961;-49.19097
SP 268;332,000;-23.35966;-49.19095
SP 268;333,000;-23.35789;-49.20009
SP 268;333,000;-23.3579;-49.20008
SP 268;334,000;-23.35518;-49.20948
SP 268;334,000;-23.35518;-49.20948
SP 270;169,000;-23.6161;-48.08428
SP 270;170,000;-23.60745;-48.09198
SP 270;171,000;-23.60181;-48.09676
SP 270;172,000;-23.59598;-48.10092
SP 270;173,000;-23.58773;-48.10863
SP 270;174,000;-23.58286;-48.11469
SP 270;175,000;-23.5818;-48.126
SP 270;176,000;-23.58271;-48.13489
SP 270;177,000;-23.58355;-48.14472
SP 270;178,000;-23.58448;-48.15477
SP 270;179,000;-23.58177;-48.16396
SP 270;180,000;-23.5765;-48.17134
SP 270;181,000;-23.56933;-48.1781
SP 270;182,000;-23.56576;-48.18649
SP 270;183,000;-23.56205;-48.19494
SP 270;184,000;-23.55687;-48.20271
SP 270;185,000;-23.55276;-48.2114
SP 270;186,000;-23.54987;-48.22146
SP 270;187,000;-23.54867;-48.23144
SP 270;188,000;-23.54769;-48.23993
SP 270;189,000;-23.54662;-48.24964
SP 270;190,000;-23.54496;-48.25933
SP 270;191,000;-23.54525;-48.26898
SP 270;192,000;-23.5466;-48.27881
SP 270;193,000;-23.54741;-48.28871
SP 270;194,000;-23.54627;-48.29852
SP 270;195,000;-23.54536;-48.30798
SP 270;196,000;-23.54542;-48.31759
SP 270;197,000;-23.5436;-48.32753
SP 270;198,000;-23.53929;-48.33592
SP 270;199,000;-23.53295;-48.34209
SP 270;200,000;-23.52941;-48.35132
SP 270;201,000;-23.52826;-48.36065
SP 270;202,000;-23.52962;-48.37043
SP 270;203,000;-23.53101;-48.37981
SP 270;204,000;-23.53016;-48.38979
SP 270;205,000;-23.52777;-48.39929
SP 270;206,000;-23.52834;-48.40852
SP 270;207,000;-23.53268;-48.41795
SP 270;208,000;-23.53425;-48.42721
SP 270;209,000;-23.5328;-48.43608
SP 270;210,000;-23.53023;-48.44649
SP 270;211,000;-23.52777;-48.45517
SP 270;212,000;-23.52688;-48.46472
SP 270;213,000;-23.52617;-48.47429
SP 270;214,000;-23.5234;-48.48397
SP 270;215,000;-23.52083;-48.49295
SP 270;216,000;-23.51688;-48.50202
SP 270;217,000;-23.51098;-48.51008
SP 270;218,000;-23.50579;-48.51731
SP 270;219,000;-23.50351;-48.52657
SP 270;220,000;-23.50157;-48.53666
SP 270;221,000;-23.4979;-48.54519
SP 270;222,000;-23.49306;-48.55355
SP 270;223,000;-23.48986;-48.56322
SP 270;224,000;-23.48756;-48.57258
SP 270;225,000;-23.48565;-48.5832
SP 270;226,000;-23.48366;-48.59345
SP 270;227,000;-23.48188;-48.60344
SP 270;228,000;-23.47998;-48.61413
SP 270;229,000;-23.47818;-48.62367
SP 270;230,000;-23.47648;-48.63318
SP 270;231,000;-23.47544;-48.64295
SP 270;232,000;-23.47524;-48.65284
SP 270;233,000;-23.47504;-48.66297
SP 270;234,000;-23.47488;-48.67234
SP 270;235,000;-23.47467;-48.68227
SP 270;236,000;-23.47444;-48.69206
SP 270;237,000;-23.47428;-48.7015
SP 270;238,000;-23.47408;-48.70961
SP 270;239,000;-23.47373;-48.7215
SP 270;240,000;-23.47362;-48.73056
SP 270;241,000;-23.47334;-48.73752
SP 270;242,000;-23.47321;-48.7468
SP 270;243,000;-23.47302;-48.75671
SP 270;244,000;-23.4728;-48.76792
SP 270;245,000;-23.46915;-48.77589
SP 270;246,000;-23.46353;-48.78664
SP 270;247,000;-23.45909;-48.79506
SP 270;248,000;-23.45594;-48.80095
SP 270;249,000;-23.45156;-48.80913
SP 270;250,000;-23.44884;-48.81843
SP 270;251,000;-23.45074;-48.82806
SP 270;252,000;-23.44851;-48.84009
SP 270;253,000;-23.44455;-48.84449
SP 270;254,000;-23.44101;-48.85288
SP 270;255,000;-23.43686;-48.8606
SP 270;256,000;-23.43041;-48.86578
SP 270;257,000;-23.42447;-48.87339
SP 270;259,000;-23.41204;-48.88849
SP 270;260,000;-23.40596;-48.89558
SP 270;261,000;-23.39974;-48.90288
SP 270;262,000;-23.39354;-48.91014
SP 270;263,000;-23.39022;-48.91822
SP 270;264,000;-23.38355;-48.92558
SP 270;265,000;-23.38093;-48.93462
SP 270;266,000;-23.38177;-48.94896
SP 270;267,000;-23.38268;-48.95941
SP 270;268,000;-23.3831;-48.9686
SP 270;269,000;-23.37986;-48.97762
SP 270;270,000;-23.37794;-48.98256
SP 270;271,000;-23.37788;-48.98263
SP 270;272,000;-23.37118;-49.00004
SP 270;273,000;-23.36672;-49.00895
SP 270;274,000;-23.36108;-49.01671
SP 270;275,000;-23.35553;-49.02433
SP 270;276,000;-23.3498;-49.03213
SP 270;277,000;-23.3443;-49.03966
SP 270;278,000;-23.33885;-49.04714
SP 270;279,000;-23.33332;-49.05524
SP 270;280,000;-23.32971;-49.06447
SP 270;281,000;-23.32594;-49.07414
SP 270;282,000;-23.3228;-49.08226
SP 270;283,000;-23.3194;-49.09128
SP 270;284,000;-23.31586;-49.10035
SP 270;285,000;-23.31238;-49.10941
SP 270;286,000;-23.30874;-49.11878
SP 270;287,000;-23.30538;-49.12744
SP 270;288,000;-23.30193;-49.13651
SP 270;289,000;-23.29729;-49.1447
SP 270;290,000;-23.2924;-49.15298
SP 270;291,000;-23.28788;-49.16136
SP 270;292,000;-23.28475;-49.17108
SP 270;293,000;-23.28185;-49.18008
SP 270;294,000;-23.27884;-49.18932
SP 270;295,000;-23.27968;-49.19823
SP 275;324,5;-23.85458;-49.15564
SP 275;325,000;-23.85326;-49.1602
SP 275;326,000;-23.85197;-49.16961
SP 275;327,000;-23.85111;-49.17932
SP 275;328,000;-23.85746;-49.18582
SP 275;329,000;-23.86224;-49.19472
SP 275;330,000;-23.86659;-49.20143
SP 275;331,000;-23.86583;-49.21
SP 275;332,000;-23.86262;-49.21954
SP 275;333,000;-23.8609;-49.22843
SP 275;334,000;-23.85768;-49.23771
SP 275;335,000;-23.85618;-49.24799
SP 275;336,000;-23.85448;-49.25683
SP 275;337,000;-23.85583;-49.26662
SP 275;338,000;-23.85896;-49.27501
SP 275;339,000;-23.85837;-49.28458
SP 275;340,000;-23.85984;-49.29367
SP 275;341,000;-23.86169;-49.30204
SP 275;342,000;-23.86662;-49.30911
SP 275;343,000;-23.86997;-49.31748
SP 275;344,000;-23.87244;-49.32417
SP 275;345,000;-23.86827;-49.3319
SP 275;346,000;-23.87418;-49.33855
SP 275;347,000;-23.87748;-49.34589
SP 275;348,000;-23.87628;-49.35511
SP 275;348,8;-23.87749;-49.36671
SP 281;0,000;-24.09759;-49.3325
SP 281;1,000;-24.09014;-49.3379
SP 281;3,000;-24.07682;-49.33106
SP 281;4,000;-24.06888;-49.33194
SP 281;5,000;-24.06044;-49.33518
SP 281;6,000;-24.05481;-49.34264
SP 281;7,000;-24.04589;-49.34809
SP 281;8,000;-24.04064;-49.34469
SP 281;9,000;-24.03187;-49.33981
SP 281;10,000;-24.02883;-49.33384
SP 281;11,000;-24.02157;-49.33164
SP 281;12,000;-24.01463;-49.33146
SP 281;13,000;-24.00597;-49.33014
SP 281;14,000;-23.99901;-49.32732
SP 281;15,000;-23.99305;-49.31925
SP 281;16,000;-23.98697;-49.31984
SP 281;17,000;-23.98414;-49.32541
SP 281;18,000;-23.97794;-49.32593
SP 281;19,000;-23.97081;-49.3227
SP 281;20,000;-23.96531;-49.32756
SP 281;21,000;-23.95916;-49.33306
SP 281;22,000;-23.95602;-49.34082
SP 281;23,000;-23.94941;-49.34801
SP 281;24,000;-23.94551;-49.3522
SP 281;25,000;-23.94381;-49.36043
SP 281;26,000;-23.93592;-49.36298
SP 281;27,000;-23.92844;-49.36122
SP 281;28,000;-23.92241;-49.36489
SP 281;29,000;-23.91511;-49.37218
SP 281;30,000;-23.90677;-49.37381
SP 281;31,000;-23.90243;-49.37162
SP 281;32,000;-23.89545;-49.36798
SP 281;33,000;-23.88521;-49.36846
SP 281;34,000;-23.87892;-49.36783
SP 281;35,000;-23.87107;-49.36755
SP 281;36,000;-23.86318;-49.37354
SP 281;37,000;-23.85997;-49.38055
SP 281;38,000;-23.85166;-49.38802
SP 281;39,000;-23.84387;-49.39125
SP 281;40,000;-23.83659;-49.39428
SP 281;41,000;-23.82979;-49.39989
SP 281;42,000;-23.82253;-49.40508
SP 281;43,000;-23.81411;-49.40744
SPA 003/245;2,000;-23.11906;-48.98926
SPA 003/245;3,000;-23.12423;-48.99734
SPA 003/245;4,000;-23.12848;-49.00498
SPA 003/245;5,000;-23.13007;-49.01498
SPA 003/245;6,000;-23.12879;-49.02362
SPA 003/245;7,000;-23.13025;-49.03341
SPA 003/245;8,000;-23.13214;-49.04288
SPA 003/245;8,7;-23.13316;-49.04812
SPA 005/245;0,000;-23.09748;-48.98931
SPA 005/245;0,15;-23.09701;-48.98874
SPA 005/245;0,3;-23.09593;-48.98778
SPA 039/281;0,000;-23.84163;-49.39572
SPA 039/281;0,1;-23.84223;-49.39652
SPA 039/281;0,18;-23.84242;-49.39691
SPA 039/281;0,3;-23.84304;-49.39855
SPA 039/281;0,5;-23.84342;-49.4005
SPA 039/281;0,7;-23.84311;-49.402
SPA 039/281;1,000;-23.84159;-49.40453
SPA 040/079;1,000;-23.22955;-47.30462
SPA 040/079;1,000;-23.2301;-47.30477
SPA 040/079;2,000;-23.23877;-47.30653
SPA 040/079;2,000;-23.23713;-47.30618
SPA 040/079;3,000;-23.24798;-47.30648
SPA 040/079;3,000;-23.24849;-47.30633
SPA 341/258;0,000;-24.11416;-49.36069
SPA 341/258;0,1;-24.1146;-49.3601
SPA 341/258;0,2;-24.11439;-49.35838
SPA 341/258;0,4;-24.11429;-49.35695
SPA 341/258;0,5;-24.11422;-49.35618
SPA 341/258;0,6;-24.11419;-49.35546
SPA 341/258;0,7;-24.11428;-49.35417
SPA 097/250;16,000;-23.60645;-47.45565
SPA 097/250;17,000;-23.60191;-47.4627
SPA 097/300;0,1;-23.24858;-47.22667
SPA 097/300;1,000;-23.24184;-47.23085
SPA 097/300;2,000;-23.23688;-47.23718
SPA 097/300;3,000;-23.22981;-47.24356
SPA 097/300;4,000;-23.22627;-47.25189
SPA 097/300;5,000;-23.22059;-47.25957
SPA 097/300;6,000;-23.2157;-47.26784
SPA 097/300;7,000;-23.21464;-47.27697
SPA 097/300;8,000;-23.21293;-47.28647
SPA 099/139;0,000;-23.88975;-48.01094
SPA 099/139;0,56;-23.88523;-48.01078
SPA 099/139;1,000;-23.88055;-48.01082
SPA 099/139;1,5;-23.87657;-48.01005
SPA 099/139;2,000;-23.87469;-48.00901
SPA 103/079;3,000;-23.5680.83;-47.4538.61
SPA 103/079;4,5;-23.5737.03;-47.4570.72
SPA 103/079;5,000;-23.5780.73;-47.4582.12
SPA 103/079;5,5;-23.5862.54;-47.4558.30
SPA 103/079;6,000;-23.5930.84;-47.4549.31
SPA 103/079;6,5;-23.5946.31;-47.4560.56
SPA 103/079;7,000;-23.5949.52;-47.4562.89
SPA 115/280;0,000;-23.29793;-47.67842
SPA 115/280;1,000;-23.30578;-47.68144
SPA 115/280;2,000;-23.31465;-47.68222
SPA 115/280;3,000;-23.32351;-47.68246
SPA 115/280;4,000;-23.33258;-47.68352
SPA 115/280;5,000;-23.3386;-47.68831
SPA 142/270;0,2;-23.56271;-47.84405
SPA 142/270;1,000;-23.5684;-47.83853
SPA 142/270;2,000;-23.57529;-47.83649
SPA 142/270;3,000;-23.57945;-47.82776
SPA 142/270;4,000;-23.58658;-47.8236
SPA 142/270;5,000;-23.59584;-47.82273
SPA 142/270;6,000;-23.60534;-47.82335
SPA 142/270;7,000;-23.61321;-47.82327
SPA 142/270;8,000;-23.62206;-47.82494
SPA 142/270;9,000;-23.63101;-47.82585
SPA 142/270;9,8;-23.63781;-47.82634
SPA 145/270;0,000;-23.56362;-47.87805
SPA 145/270;0,5;-23.56359;-47.87803
SPA 145/270;1,000;-23.56013;-47.87855
SPA 162/270;0,000;-23.59756;-48.03175
SPA 162/270;0,4;-23.59384;-48.03302
SPA 162/270;0,8;-23.59032;-48.03494
SPA 162/270;1,000;-23.58839;-48.03551
SPA 162/270;1,17;-23.58599;-48.03619
SPA 162/280;0,3;-23.22957;-48.12079
SPA 162/280;1,000;-23.22871;-48.12063
SPA 162/280;2,000;-23.21204;-48.12077
SPA 162/280;3,000;-23.20326;-48.12218
SPA 162/280;4,000;-23.2035;-48.12252
SPA 162/280;5,000;-23.19653;-48.12285
SPA 162/280;5,8;-23.18907;-48.1223
SPA 173/250;0,000;-23.88893;-47.98097
SPA 173/250;0,5;-23.88615;-47.9848
SPA 173/250;1,000;-23.88271;-47.9378
SPA 173/250;1,6;-23.87989;-47.99075
SPA 180/250;0,000;-23.88275;-48.01012
SPA 180/250;0,5;-23.88259;-48.00614
SPA 294/250;17,000;-24.443;-48.59517
SPA 204/270;0,000;-23.52866;-48.39482
SPA 204/270;1,000;-23.52133;-48.39594
SPA 204/270;2,000;-23.51498;-48.39983
SPA 204/270;3,000;-23.50759;-48.40529
SPA 204/270;4,000;-23.4989;-48.40758
SPA 204/270;5,000;-23.48979;-48.40969
SPA 205/270;0,000;-23.52881;-48.40511
SPA 205/270;1,000;-23.5347;-48.40863
SPA 205/270;2,000;-23.5406;-48.40256
SPA 205/270;3,000;-23.54941;-48.40072
SPA 205/270;4,000;-23.55677;-48.39654
SPA 205/270;5,000;-23.56263;-48.39011
SPA 205/270;6,000;-23.57218;-48.38696
SPA 205/270;6,35;-23.57302;-48.38651
SPA 205/270;0,000;-23.52881;-48.40511
SPA 205/270;1,000;-23.5347;-48.40863
SPA 205/270;2,000;-23.5406;-48.40256
SPA 205/270;3,000;-23.54941;-48.40072
SPA 205/270;4,000;-23.55677;-48.39654
SPA 205/270;5,000;-23.56263;-48.39011
SPA 205/270;6,000;-23.57218;-48.38696
SPA 205/270;6,35;-23.57302;-48.38651
SPA 223/270;0,000;-23.48764;-48.5694
SPA 223/270;1,000;-23.47955;-48.5721
SPA 223/270;2,000;-23.47073;-48.5767
SPA 223/270;3,000;-23.46226;-48.57841
SPA 223/270;4,000;-23.45446;-48.5826
SPA 223/270;5,000;-23.4455;-48.59002
SPA 223/270;6,000;-23.44141;-48.59816
SPA 245/270;0,000;-23.46791;-48.7762
SPA 245/270;1,000;-23.46023;-48.77459
SPA 245/270;2,000;-23.4515;-48.77275
SPA 245/270;3,000;-23.442;-48.7708
SPA 245/270;4,000;-23.43545;-48.76643
SPA 245/270;5,000;-23.4293;-48.75901
SPA 245/270;6,000;-23.4212;-48.7551
SPA 245/270;7,000;-23.41105;-48.75751
SPA 245/270;8,000;-23.40439;-48.753
SPA 245/270;9,000;-23.39841;-48.74568
SPA 245/270;10,000;-23.39738;-48.7366
SPA 245/270;11,000;-23.39206;-48.72733
SPA 282/258;0,000;-23.97275;-48.86184
SPA 282/258;0,000;-23.97275;-48.86184
SPA 282/258;0,2;-23.97384;-48.86399
SPA 282/258;0,2;-23.97384;-48.86399
SPA 282/258;0,2;-23.97394;-48.86338
SPA 282/258;0,2;-23.97394;-48.86338
SPA 282/258;0,5;-23.97375;-48.86683
SPA 282/258;0,5;-23.97375;-48.86683
SPA 282/258;0,5;-23.97387;-48.86671
SPA 282/258;0,5;-23.97387;-48.86671
SPA 282/258;0,8;-23.97516;-48.86838
SPA 282/258;0,8;-23.97516;-48.86838
SPA 282/258;0,8;-23.97517;-48.86823
SPA 282/258;0,8;-23.97517;-48.86823
SPA 282/258;1,000;-23.97722;-48.86929
SPA 282/258;1,000;-23.97722;-48.86929
SPA 282/258;1,3;-23.97956;-48.87084
SPA 282/258;1,3;-23.97956;-48.87084
SPA 282/258;1,3;-23.97807;-48.86971
SPA 282/258;1,3;-23.97807;-48.86971
SPA 282/258;1,5;-23.97982;-48.87274
SPA 282/258;1,5;-23.97982;-48.87274
SPA 282/258;1,5;-23.97986;-48.87241
SPA 282/258;1,5;-23.97986;-48.87241
SPA 282/258;1,8;-23.97998;-48.87368
SPA 282/258;1,8;-23.97998;-48.87368
SPA 284/258;0,000;-23.96515;-48.88051
SPA 284/258;0,000;-23.96537;-48.88039
SPA 284/258;0,2;-23.96674;-48.88015
SPA 284/258;0,2;-23.96708;-48.8798
SPA 284/258;0,1;-23.96847;-48.87951
SPA 284/258;0,1;-23.96877;-48.8792
SPA 284/258;0,6;-23.97046;-48.87881
SPA 284/258;0,6;-23.97029;-48.87873
SPA 284/258;0,8;-23.97215;-48.87833
SPA 284/258;0,8;-23.97197;-48.87825
SPA 294/250;15,000;-24.43065;-48.58255
SPA 294/250;18,000;-24.44174;-48.60124
SPA 294/250;0,000;-24.40058;-48.64534
SPA 294/250;1,000;-24.39891;-48.63861
SPA 294/250;2,000;-24.39285;-48.63187
SPA 294/250;3,000;-24.39085;-48.62987
SPA 294/250;4,000;-24.39921;-48.62121
SPA 294/250;5,000;-24.39814;-48.61497
SPA 294/250;6,000;-24.39896;-48.60818
SPA 294/250;7,000;-24.40101;-48.60081
SPA 294/250;8,000;-24.40387;-48.5942
SPA 294/250;9,000;-24.40732;-48.58807
SPA 294/250;10,000;-24.40719;-48.58176
SPA 294/250;11,000;-24.40917;-48.57589
SPA 294/250;12,000;-24.40977;-48.57285
SPA 294/250;13,000;-24.41696;-48.57114
SPA 294/250;14,000;-24.42346;-48.57677
SPA 294/250;16,000;-24.43731;-48.58936
SPA 294/250;19,000;-24.44188;-48.6084
SPA 324/259;0,000;-24.03163;-49.11057
SPA 324/259;1,000;-24.03285;-49.10095
SPA 324/259;2,000;-24.04065;-49.09649
SPA 324/259;2,7;-24.0438;-49.09123
SPA 338/258;0,000;-24.09757;-49.33255
SPA 338/258;0,1;-24.09839;-49.33194
SPA 338/258;0,2;-24.09917;-49.33136
SPA 338/258;0,3;-24.09997;-49.33081
